category,incidents,handed_on_pct,avg_handoffs,sla_breach_pct
Category 23,969,83.3,1.55,44.1
Category 34,490,69.0,1.65,66.9
Category 40,397,66.0,1.41,63.5
Category 57,886,63.4,1.3,36.6
Category 37,1052,43.3,0.8,33.8
Category 46,2167,42.9,0.82,49.3
Category 24,613,42.9,0.89,47.8
Category 53,2462,41.1,0.79,38.3
Category 61,785,39.6,0.85,52.4
Category 42,2972,36.0,0.64,19.1
Category 28,372,33.9,0.54,32.0
Category 20,889,32.8,0.62,24.7
Category 45,497,32.0,0.59,75.7
Category 26,2953,31.0,0.64,32.7
Category 32,1213,26.8,0.64,26.5
Category 9,1081,26.5,0.55,42.2
Category 51,523,16.1,0.4,18.4
Category 35,456,11.6,0.21,9.9
