first_group,incidents,handed_on_pct,ping_pong_pct,sla_breach_pct
Group 9,342,91.8,37.7,88.6
Group 20,1289,88.6,17.8,48.2
Group 76,275,63.6,11.6,54.5
Group 5,282,59.6,9.9,47.2
Group 65,440,59.1,14.1,40.7
Group 55,374,58.3,11.5,47.9
Group 57,315,55.2,8.9,54.3
Group 29,248,50.8,15.7,59.7
Group 22,264,50.4,9.8,46.2
Group 66,351,47.3,15.1,56.1
Group 10,315,38.1,11.7,74.3
Group 28,299,35.1,13.4,52.5
Group 70,10852,35.0,10.9,27.3
Group 39,335,32.8,14.3,43.3
Group 24,702,29.6,5.8,29.2
Group 25,759,28.3,8.3,52.6
Group 73,482,27.2,11.4,44.2
Group 27,289,17.6,10.4,39.8
Group 23,285,13.3,5.6,25.3
Group 64,583,1.4,0.0,12.0
